"Mturk_id","Condition","decay_value","SyncRate_Value"
"A0017268R9SKD8","NS",0.26,0.84
"A109MLAWERUIBG","1-Sided-psse",1.15,0.78
"A10BH9PYCYUKDJ","1-Sided-CogSig",0.23,0.78
"A10BH9PYCYUKDJ","2-Sided-pesse_FI",2.57,0.74
"A10F0OVV7A0U74","NS-ER",2.99,0.72
"A10JXOU89D5RXR","2-Sided-LR",2.88,0.72
"A10O5YR01H865K","1-Sided-CogSig",0.21,0.8
"A10TWCI2VE0LWJ","1-Sided-psse_FI",2.5,0.8
"A10VYQMVSHNFCV","1-Sided-psse",0.45,0.58
"A10YS8AVLQWUZZ","NS",0.25,0.9
"A110JYKWR9T6H8","1-Sided-psse_FI",2.13,0.82
"A110KENBXU7SUJ","2-Sided-pesse_FI",0.99,0.84
"A114INA2S32A8L","1-Sided-psse_FI",0.2,0.72
"A114JRUBJ5IN7D","2-Sided-pesse_FI",2.76,0.78
"A11BSFO4LMHPXQ","1-Sided-DT_FI",2.29,0.68
"A11EF6L798V32H","1-Sided-DT_FI",2.82,0.84
"A11FFJZ0C984W4","1-Sided-CogSig",1.96,0.86
"A11S8IAAVDXCUS","1-Sided-psse_FI",0.14,0.66
"A11UBOE8N877JJ","2-Sided-LR",2.6,0.86
"A12723JDRPT207","1-Sided-ER_FI",1.9,0.86
"A12A5GVJX5RZC4","1-Sided-psse_FI",0.92,0.72
"A12AVKFXNKBMSX","1-Sided-psse",0.24,0.5
"A12AVKFXNKBMSX","NS",0.46,0.68
"A12BTFPKFKKD2I","NS",0.39,0.9
"A12DY4HHG6MYF0","2-SidedDT",0.84,0.74
"A12GJUCS7AJ4K","1-Sided-psse",0.32,0.74
"A12HZGOZQD5YK7","NS",0.3,0.84
"A12IHTKQFQIPD1","2-Sided-LR",1.93,0.92
"A12R2U6TBB3OOG","1-Sided-psse_FI",2.68,0.82
"A12VDN3TJJCAQQ","2-Sided-NN",2.64,0.76
"A138BU1VWM2RKN","1-Sided-DT_FI",2.99,0.66
"A13GGKMPBDKWX6","1-Sided-ER_FI",1.22,0.58
"A13GGKMPBDKWX6","2-Sided-LR",2.48,0.64
"A13V6ZYVF3A7EW","1-Sided-CogSig",1.21,0.82
"A142ZRU284W9O","1-Sided-DT_FI",1.59,0.8
"A149ROBL26JWPJ","1-Sided-ER_FI",1.91,0.88
"A149ROBL26JWPJ","1-Sided-psse",2.6,0.8
"A149ROBL26JWPJ","2-Sided-NN",2.26,0.76
"A14BO0JIQTNMOW","1-Sided-CogSig",1.47,0.74
"A14GU4D1F5W031","1-Sided-CogSig",2.53,0.76
"A14HW8I4RYHNC4","1-Sided-psse_FI",0.28,0.78
"A14HW8I4RYHNC4","2-Sided-pesse_FI",0.53,0.7
"A14WLAP6TCEKO0","1-Sided-ER_FI",2.42,0.82
"A14WLAP6TCEKO0","1-Sided-psse",0.12,0.76
"A14WLAP6TCEKO0","2-SidedDT",0.66,0.82
"A153FVJRRM27G7","NS",0.15,0.64
"A1561P9VVA3C1C","2-SidedDT",1.67,0.8
"A15781PHGW377Y","1-Sided-psse",0.42,0.76
"A15A984KE7R40O","1-Sided-ER_FI",2.91,0.76
"A15RSC70TW7ZKW","NS",0.22,0.74
"A15SUPIZ05ZFCD","2-Sided-LR",2.06,0.84
"A15VRRHQCLJHC8","1-Sided-psse",2.06,0.64
"A1601UNFFAAQOI","1-Sided-psse_FI",2.87,0.66
"A16335MOISDG1F","2-Sided-LR",2.23,0.76
"A16G6PPH1INQL8","1-Sided-psse",1.28,0.86
"A16G6PPH1INQL8","2-Sided-LR",2.97,0.8
"A16OTH6EQHJFA","1-Sided-psse",1.34,0.74
"A16SJ5D3DKUEXJ","2-SidedDT",2.11,0.64
"A16UAN46CNIRHY","NS",2.22,0.78
"A16VVUOYE2BK22","NS-ER",0.43,0.84
"A1761MS0XW2OHR","2-Sided-LR",2.76,0.8
"A1790ZUAAUYCJ","NS-ER",2.44,0.78
"A17OINLIDZ0C14","1-Sided-DT_FI",1.55,0.68
"A17PAE30BGBO1T","1-Sided-psse",2.69,0.78
"A17WT0K0HFTW9U","1-Sided-DT_FI",0.34,0.9
"A18E16UFE351U6","1-Sided-ER_FI",1.73,0.78
"A18G2CLYSTENK","1-Sided-psse",2.24,0.6
"A18WCPDCDP4IAS","1-Sided-psse_FI",1.36,0.82
"A18XFOKU5G1OL1","1-Sided-psse_FI",2.99,0.66
"A191V7PT3DQKDP","2-Sided-pesse_FI",1.03,0.7
"A1967FI5GJEZN8","NS",0.47,0.72
"A196XR61DIW5GU","1-Sided-ER_FI",2.96,0.62
"A196XR61DIW5GU","2-Sided-NN",2.84,0.64
"A196XR61DIW5GU","2-SidedDT",2.74,0.72
"A19CB2C4GY4C60","1-Sided-ER_FI",1.36,0.8
"A19L8SNH73AX1Z","1-Sided-ER_FI",2.65,0.86
"A19RLE2G1PL9NL","1-Sided-ER_FI",2.21,0.74
"A19UBZFVUWL1ES","1-Sided-psse_FI",0.11,0.62
"A19UBZFVUWL1ES","2-SidedDT",2.29,0.72
"A19WFIR31Z74EN","1-Sided-CogSig",2.92,0.76
"A19WVP0XFVDSF4","1-Sided-CogSig",1.56,0.74
"A19ZWBQT8A3LIR","2-Sided-NN",2.99,0.74
"A1A1A9UHNQCI9Y","1-Sided-ER_FI",2.92,0.78
"A1A7KL0CEERE60","1-Sided-psse",2.33,0.86
"A1A7KL0CEERE60","NS-ER",2.09,0.84
"A1AJPTSML2X7B","NS-ER",2.55,0.86
"A1AKL5YH9NLD2V","2-Sided-pesse_FI",0.12,0.82
"A1APYLD4DUK33J","1-Sided-DT_FI",2.94,0.94
"A1AQ8ON8X7BYFH","2-Sided-LR",0.49,0.88
"A1AREBIHWPXTU3","NS-ER",2.42,0.74
"A1AZLJ3R5FQ9B7","2-Sided-pesse_FI",1.66,0.64
"A1B76WYZ47BQJ","2-SidedDT",0.15,0.8
"A1BSA7FVVJGZ15","NS",0.16,0.8
"A1BSL1VC7PQR04","2-SidedDT",2.03,0.62
"A1BVG13MHBM1YD","2-Sided-LR",1.88,0.86
"A1C0H8G0YI15MN","2-SidedDT",2.92,0.62
"A1C59M3HPCO503","1-Sided-psse",1.35,0.76
"A1C7UV2UT2S9T7","NS-ER",2.75,0.7
"A1CE2XPYCDRHVZ","2-Sided-NN",1.94,0.7
"A1CH3TODZNQCES","NS",0.32,0.76
"A1CUDX7TTS2W61","1-Sided-DT_FI",0.69,0.66
"A1CX684F5TEO5W","NS",0.11,0.82
"A1D0JL4MJ7XSGV","1-Sided-psse_FI",0.43,0.68
"A1DABMXVWWL0TR","2-Sided-LR",2.67,0.7
"A1DD23J1WBGQUU","2-SidedDT",2.72,0.74
"A1DDBGQDMZZ1VW","1-Sided-DT_FI",0.13,0.76
"A1DIGREVLNOXT3","1-Sided-DT_FI",0.24,0.7
"A1DIGREVLNOXT3","1-Sided-psse_FI",1.74,0.46
"A1DIW2K1J89CMO","1-Sided-psse",2.39,0.62
"A1DKVUTOBPQH11","1-Sided-DT_FI",2.16,0.84
"A1DNJ17PE2RYJZ","2-Sided-LR",0.46,0.88
"A1DS5O8MSI3ZH0","2-Sided-LR",0.24,0.82
"A1DUPOUC9RNU4L","NS-ER",0.93,0.64
"A1DY3EW6Q0B5K5","2-Sided-LR",0.12,0.8
"A1DZMZTXWOM9MR","2-Sided-NN",2.32,0.64
"A1E4K9G6ZKPKX4","NS-ER",1.19,0.76
"A1E8X6IHTIN1AT","2-Sided-NN",2.96,0.74
"A1E94U14N16SYJ","1-Sided-psse",0.88,0.78
"A1EBVJWBNNPUFU","1-Sided-psse_FI",0.25,0.82
"A1EDMN0J522ATZ","1-Sided-CogSig",0.1,0.66
"A1EH9BPKYXFBS5","1-Sided-ER_FI",2.22,0.74
"A1EITLFAMKA61U","2-Sided-NN",3,0.36
"A1EITLFAMKA61U","NS-ER",2.91,0.74
"A1ERMRNNR0CZ2Y","2-SidedDT",1.75,0.68
"A1F1BIPJR11LSR","2-SidedDT",1.68,0.8
"A1F1OZ54G177D8","2-SidedDT",0.21,0.7
"A1F1OZ54G177D8","NS",0.93,0.82
"A1F1OZ54G177D8","NS-ER",2.88,0.72
"A1F3QNQHIL7K4U","1-Sided-ER_FI",0.82,0.84
"A1FCD2XCRJ2UOY","2-Sided-NN",0.66,0.5
"A1FS8SBR4SDWYG","1-Sided-CogSig",0.1,0.62
"A1FS8SBR4SDWYG","2-Sided-pesse_FI",0.65,0.74
"A1FUR4UJ0S46W6","2-Sided-pesse_FI",1.13,0.68
"A1FYFBIFYWTMJS","1-Sided-CogSig",1.86,0.84
"A1FYWSPNO7KN1O","1-Sided-DT_FI",1.74,0.76
"A1FYWSPNO7KN1O","2-Sided-pesse_FI",0.44,0.8
"A1GKD3NG1NNHRP","1-Sided-DT_FI",1.17,0.76
"A1GKD3NG1NNHRP","2-SidedDT",0.15,0.76
"A1GPZ5REMDQZ0L","NS",0.13,0.74
"A1GRPIBHW72HDU","1-Sided-ER_FI",2.44,0.82
"A1GRPIBHW72HDU","2-Sided-LR",2.46,0.76
"A1GRPIBHW72HDU","NS",0.18,0.92
"A1GSIR59HGF3SZ","2-Sided-pesse_FI",0.57,0.84
"A1H8I7FOW3HWD3","1-Sided-psse_FI",3,0.66
"A1HIQZEC2ER7GS","NS",0.16,0.86
"A1HKCTDOTL6C9I","1-Sided-psse",2.55,0.76
"A1HN4550TIXQBZ","NS",0.7,0.98
"A1ICXZVLIZM6IF","1-Sided-psse_FI",2.66,0.72
"A1ICZ6VHY7Y2OY","1-Sided-psse_FI",1.78,0.72
"A1IDAOL2MZ3L3L","1-Sided-CogSig",0.66,0.68
"A1IMO5XR05U7S5","1-Sided-CogSig",2.78,0.5
"A1IMO5XR05U7S5","2-Sided-pesse_FI",0.19,0.76
"A1IXH2QLUU5BKZ","1-Sided-psse_FI",1.67,0.7
"A1J8TVICSRC70W","2-Sided-NN",0.86,0.68
"A1JQ4KBFW7U3N1","2-SidedDT",0.64,0.7
"A1JS6T809ORXEF","1-Sided-ER_FI",2.64,0.74
"A1K0S514CEY1UG","NS-ER",1.94,0.74
"A1K75ALN5NQIJM","2-Sided-NN",2.41,0.8
"A1K8QNLYYYX21W","2-Sided-pesse_FI",0.65,0.82
"A1KA64FR47O9FS","1-Sided-DT_FI",1.85,0.78
"A1KQWBK5WHCNYQ","1-Sided-psse_FI",0.36,0.88
"A1KS8EZV7U2D3O","1-Sided-psse_FI",1.16,0.62
"A1KTPYX40PRLVW","2-SidedDT",1.23,0.88
"A1KUW26JP1SB9","1-Sided-ER_FI",2.9,0.64
"A1KX1CMLUCQNFX","1-Sided-psse_FI",0.17,0.78
"A1L3937MY09J3I","1-Sided-psse_FI",0.22,0.7
"A1L3937MY09J3I","2-Sided-pesse_FI",0.32,0.8
"A1LB9JOMFQ1UMG","1-Sided-psse",0.1,0.72
"A1LJKHC0NH9TIX","2-Sided-LR",2.54,0.72
"A1LRJ4U04532TM","NS",2.28,0.68
"A1LUQFFMIXMYNI","2-Sided-NN",2.43,0.64
"A1M40RACC8SUOX","1-Sided-DT_FI",2.7,0.9
"A1MG7LT2628KLU","2-SidedDT",0.45,0.88
"A1MJVTR0PCKBWW","2-SidedDT",0.39,0.74
"A1MMC6X3ZNJ9OT","1-Sided-DT_FI",0.57,0.7
"A1N16ZU0FNQEY6","2-SidedDT",2.14,0.8
"A1NDMFN9A5G25G","1-Sided-CogSig",2.79,0.78
"A1NGABF082HR2P","1-Sided-ER_FI",0.32,0.8
"A1NKBXOTZAI1YK","2-SidedDT",0.79,0.74
"A1NSHNH3MNFRGW","1-Sided-psse",1.36,0.76
"A1OBB3PWYWK9KK","2-SidedDT",0.35,0.74
"A1ODA3Q5H6HTDQ","1-Sided-DT_FI",0.11,0.82
"A1ORIURWIK9MG6","2-Sided-pesse_FI",0.17,0.68
"A1OU8F92A7M3MR","2-SidedDT",2.79,0.72
"A1P6OXEJ86HQRM","1-Sided-psse",1.85,0.76
"A1P6OXEJ86HQRM","2-Sided-pesse_FI",0.51,0.88
"A1PF01FF85HUY4","NS",0.18,0.7
"A1PKCBFB4QY19G","1-Sided-DT_FI",0.84,0.94
"A1PKCBFB4QY19G","NS",0.31,0.96
"A1PMZUBGXFANCI","1-Sided-CogSig",0.65,0.8
"A1PP6DN7HB6Q9P","NS-ER",2.94,0.74
"A1PRJV4523QZ14","1-Sided-ER_FI",2.63,0.86
"A1PUHCEBSOWETV","2-Sided-pesse_FI",2.8,0.78
"A1PZGWWHXS1B3T","1-Sided-psse_FI",1.04,0.7
"A1PZS3UIH64YP7","1-Sided-ER_FI",2.68,0.74
"A1QA5EWFMNKGTA","1-Sided-psse",2.48,0.8
"A1QEQOI98976S0","1-Sided-DT_FI",2.95,0.68
"A1QGG767E07WBA","1-Sided-CogSig",1.51,0.76
"A1QIJ94TJ6FZ2W","1-Sided-psse",1.88,0.74
"A1QKIA8XRNEXIG","2-Sided-LR",0.93,0.62
"A1QL4VU9DO5DXG","1-Sided-psse",2.38,0.78
"A1QQQ7KKM896QY","1-Sided-CogSig",2.15,0.58
"A1RDRK3QTM7U96","2-SidedDT",0.36,0.62
"A1RUURPQJ14A8X","2-Sided-LR",0.6,0.8
"A1S343QA01CPGR","1-Sided-psse_FI",1.08,0.7
"A1SHLWKA0UH1IS","2-Sided-NN",0.31,0.78
"A1SL65Z68BK1UT","1-Sided-ER_FI",2.23,0.8
"A1SP3GBRZKMWZJ","2-Sided-pesse_FI",1.45,0.7
"A1SQC3067DP5TB","1-Sided-psse_FI",0.22,0.82
"A1SYD7ZZXEXKD6","1-Sided-ER_FI",0.79,0.82
"A1T9KDKDFO114S","1-Sided-psse_FI",0.47,0.78
"A1TARNH07A75CG","1-Sided-CogSig",1.57,0.86
"A1TARNH07A75CG","2-Sided-pesse_FI",1.29,0.68
"A1TARNH07A75CG","NS",0.26,0.96
"A1TARNH07A75CG","NS-ER",1.35,0.88
"A1TGV7LT6LTIQU","1-Sided-ER_FI",0.27,0.8
"A1TGV7LT6LTIQU","2-Sided-NN",1.07,0.7
"A1TLNLB9D87H6","1-Sided-psse",2.11,0.62
"A1TP0SGMUSJ34B","2-Sided-pesse_FI",2.92,0.78
"A1TTFE7OTLIJW8","1-Sided-psse",0.67,0.8
"A1U7MJ0OWPBNO4","2-SidedDT",0.72,0.8
"A1U8RH67FLZW87","2-Sided-LR",2.17,0.86
"A1UA911OAE2KFJ","1-Sided-psse",0.23,0.82
"A1UBV2NP7OVDVV","2-Sided-pesse_FI",2.98,0.74
"A1UCB0D27PY623","1-Sided-ER_FI",2.65,0.88
"A1UCB0D27PY623","1-Sided-psse_FI",2.86,0.62
"A1USR9JCAMDGM3","2-Sided-pesse_FI",2.75,0.68
"A1USR9JCAMDGM3","NS",0.17,0.88
"A1V2H0UF94ATWY","2-Sided-pesse_FI",0.21,0.58
"A1V2P0JYPD7GM6","NS-ER",2.76,0.62
"A1V9G7V6ZYACIR","NS",0.33,0.76
"A1VC6F0FYG1L5I","1-Sided-ER_FI",1.8,0.88
"A1VR49TB3Q4BV8","2-SidedDT",1.81,0.76
"A1W94PV0BS6F6O","2-Sided-NN",2.89,0.74
"A1WISFBL3J5Z12","1-Sided-CogSig",1.25,0.68
"A1WPAJXO9G3B0F","1-Sided-psse",2.79,0.64
"A1WPAJXO9G3B0F","2-Sided-pesse_FI",0.77,0.78
"A1WXPOLDS1Y9R4","2-SidedDT",1.63,0.56
"A1WY3YGT618GC0","2-Sided-pesse_FI",0.12,0.68
"A1WY3YGT618GC0","NS-ER",2.24,0.84
"A1X04W4VU2I2CY","2-Sided-NN",1.69,0.74
"A1X14SEMW60XVP","NS",0.39,0.98
"A1X1IRFYQZ40LD","1-Sided-CogSig",2.9,0.74
"A1XAOEDK0Y2KBT","NS",0.33,0.88
"A1XB671UQA34Q8","1-Sided-DT_FI",1.82,0.96
"A1Y9VA9FKJLS5K","NS-ER",2.82,0.7
"A1YBZWXXW358IF","2-SidedDT",2.69,0.82
"A1YEKEYDH0ZQN7","1-Sided-ER_FI",2.44,0.66
"A1YH2I4Y2SYAXJ","2-Sided-pesse_FI",2.86,0.7
"A1YHIQHLLLQIIQ","2-Sided-pesse_FI",0.78,0.8
"A1YZ0ETOCJO1B2","1-Sided-DT_FI",2.91,0.76
"A1Z8AOIDT5IV43","1-Sided-ER_FI",0.13,0.86
"A1ZB2NY0F9QNP0","1-Sided-CogSig",1.02,0.82
"A1ZB2NY0F9QNP0","2-Sided-pesse_FI",2.61,0.82
"A1ZD8RU6YB0VEU","2-SidedDT",0.46,0.82
"A1ZD8RU6YB0VEU","NS-ER",2.92,0.76
"A1ZI4VU6650Q8B","1-Sided-DT_FI",2.1,0.76
"A1ZK3LRUC4ICY7","NS",0.4,0.74
"A1ZKNQJO513B3W","2-Sided-LR",0.91,0.78
"A1ZN6V0PU8VVAH","2-SidedDT",1.61,0.68
"A1ZN6V0PU8VVAH","NS-ER",2.9,0.82
"A1ZSSOZWM2MDCW","NS-ER",2.54,0.68
"A1ZT30BGR3266K","1-Sided-CogSig",0.84,0.58
"A1ZT30BGR3266K","2-Sided-pesse_FI",1.34,0.46
"A1ZTSCPETU3UJW","1-Sided-psse_FI",2.19,0.62
"A1ZY2UA462KD1T","2-SidedDT",0.83,0.84
"A1ZZ44UDY2GOGZ","1-Sided-DT_FI",0.54,0.86
"A1nvjb5o4h7zcj","1-Sided-DT_FI",1.23,0.74
"A200NV0C7HGET2","NS-ER",0.18,0.82
"A2027WQ76J46Q9","NS",1.12,0.84
"A203C9REA20IT3","1-Sided-psse",0.67,0.5
"A203N4FQBD94ZS","1-Sided-psse_FI",1.86,0.7
"A204JAK7QRDWVM","2-Sided-LR",2.65,0.82
"A207149DHAS89K","1-Sided-CogSig",0.51,0.86
"A20CZCJPRP54G9","1-Sided-psse",2.63,0.52
"A20CZCJPRP54G9","2-Sided-pesse_FI",0.13,0.92
"A20HITED8LB7O5","2-SidedDT",0.53,0.8
"A20MOTHAE8JNVU","2-Sided-NN",2.41,0.8
"A20RVM3V1A3DKX","NS-ER",2.81,0.94
"A20SL254675EOK","2-SidedDT",2.09,0.86
"A20X6V1AAXZGNZ","2-Sided-LR",1.29,0.7
"A212P51360T72C","1-Sided-ER_FI",1.82,0.68
"A2148LZC82UBIX","1-Sided-CogSig",1.33,0.8
"A217M5CHYXKABY","NS-ER",2.67,0.7
"A21FSF2MCK11IR","1-Sided-DT_FI",0.17,0.8
"A21OS9KG7JNHR7","2-Sided-pesse_FI",0.18,0.88
"A21UA6O7ZFAIQJ","1-Sided-CogSig",1.23,0.82
"A21UA6O7ZFAIQJ","2-Sided-LR",2.99,0.82
"A21Y7K669KM1PR","1-Sided-DT_FI",2.51,0.7
"A22051NK9RQ4FV","1-Sided-psse",0.47,0.8
"A222XREQ12K58P","1-Sided-psse",1.19,0.66
"A226D7W72V443V","NS-ER",1.56,0.8
"A22955PPOJ264W","2-SidedDT",2.89,0.78
"A22ABLVEI5EGPL","1-Sided-psse_FI",0.28,0.86
"A22E831P684LJZ","1-Sided-CogSig",2.76,0.48
"A22KVS49G12V8I","1-Sided-DT_FI",2.78,0.68
"A23437BMZ5T1FH","1-Sided-psse",2.49,0.74
"A23437BMZ5T1FH","2-SidedDT",0.34,0.92
"A23437BMZ5T1FH","NS-ER",0.84,0.74
"A235DXY5FJN0IW","2-Sided-LR",0.39,0.7
"A23BMD8M0RLV77","1-Sided-CogSig",2.45,0.88
"A23ERMITYZAHPG","1-Sided-DT_FI",2.3,0.62
"A23KAJRDVCVGOE","1-Sided-CogSig",1.31,0.76
"A23MOF1WG1Z6KB","2-Sided-NN",0.16,0.82
"A23OS0HQ12VVOR","2-Sided-NN",0.32,0.8
"A240OTT1T85UGT","1-Sided-ER_FI",2.97,0.66
"A245KPRERHWJSB","NS",0.1,0.76
"A248LF7KKHXZ14","1-Sided-DT_FI",2.58,0.86
"A248LF7KKHXZ14","1-Sided-psse",2.16,0.7
"A24B5UF6RMHYGX","NS-ER",0.8,0.72
"A24DSECWUBZC0Z","1-Sided-psse_FI",1.82,0.7
"A24GPHD08ZS5LT","1-Sided-psse_FI",2.97,0.58
"A24RGLS3BRZ60J","1-Sided-CogSig",2.73,0.82
"A250HYHFGXESAC","1-Sided-CogSig",2.98,0.78
"A2531UD0IGT731","2-Sided-pesse_FI",2.2,0.68
"A2541C8MY0BYV3","2-Sided-pesse_FI",1.37,0.76
"A2541C8MY0BYV3","NS-ER",2.51,0.78
"A256FHXGSY0E5D","2-Sided-pesse_FI",0.3,0.84
"A2581F7TDPAMBQ","NS",1.4,0.94
"A258MR1IS96JEP","1-Sided-DT_FI",2.35,0.76
"A258MR1IS96JEP","1-Sided-psse",2.89,0.6
"A258MR1IS96JEP","2-SidedDT",0.27,0.84
"A259BAVW85T0NT","1-Sided-DT_FI",0.11,0.82
"A25CFVQND4A0EV","2-Sided-pesse_FI",0.28,0.94
"A25CZJEFKXF4UV","2-Sided-NN",0.45,0.8
"A25KKISLF6V7LO","1-Sided-ER_FI",1.92,0.86
"A25PFSORDO3SWQ","2-Sided-NN",0.14,0.8
"A25YC7JOUN4VYA","2-Sided-NN",1.67,0.86
"A26M997VYVK0E6","2-SidedDT",0.94,0.72
"A26M997VYVK0E6","NS",1,0.86
"A26M997VYVK0E6","NS-ER",2.6,0.8
"A26NGLGGFTATVN","2-Sided-NN",2.47,0.76
"A26RO8GGTQAXGG","2-Sided-NN",2.09,0.6
"A26TY8FHMJ183C","2-Sided-NN",0.22,0.76
"A26TY8FHMJ183C","NS-ER",2.83,0.68
"A26UIS59SY4NM6","1-Sided-DT_FI",2.19,0.66
"A271V19C06841K","1-Sided-DT_FI",1.19,0.84
"A272X64FOZFYLB","2-Sided-pesse_FI",2.25,0.78
"A273EH17NSJRH0","2-SidedDT",2.75,0.64
"A273EH17NSJRH0","NS",0.14,0.68
"A2798F0ZHDDZ78","1-Sided-ER_FI",0.7,0.82
"A27HVVLSZZ13XK","2-Sided-LR",0.35,0.88
"A27IK5T18HQIKE","1-Sided-CogSig",2.94,0.74
"A27MJOV91GA8R3","1-Sided-psse_FI",2.95,0.56
"A27MJOV91GA8R3","2-SidedDT",0.6,0.6
"A27MJOV91GA8R3","NS-ER",1.67,0.78
"A27NBGO9FXJS8Q","1-Sided-ER_FI",1.18,0.88
"A27O2IILV3S5YS","1-Sided-CogSig",1.29,0.66
"A27PVIL93ZMY46","NS",0.51,0.86
"A27QBYDLN5V11F","NS",0.24,0.76
"A27SMEOPKV84VI","1-Sided-CogSig",1.4,0.74
"A27SMEOPKV84VI","NS-ER",1.03,0.82
"A27W025UEXS1G0","1-Sided-DT_FI",0.39,0.74
"A27ZE20JZ3VDUP","1-Sided-ER_FI",2.94,0.7
"A27ZE20JZ3VDUP","1-Sided-psse",1.58,0.78
"A2871R3LEPWMMK","1-Sided-DT_FI",0.36,0.76
"A28FMRMS9TMEOZ","1-Sided-ER_FI",1.04,0.8
"A28FMRMS9TMEOZ","1-Sided-psse",2.8,0.8
"A28HB7240OFGEW","2-Sided-NN",0.26,0.7
"A28SYXQL3YOKVL","1-Sided-CogSig",2.85,0.62
"A28SYXQL3YOKVL","2-SidedDT",1.08,0.74
"A28SYXQL3YOKVL","NS",0.15,0.78
"A28T38MOUG43YD","1-Sided-ER_FI",0.92,0.94
"A28T38MOUG43YD","1-Sided-psse",2.23,0.68
"A28ZPY6D5AS7GZ","1-Sided-DT_FI",0.11,0.64
"A2A1FS0KVLJ9ZT","1-Sided-ER_FI",1.91,0.68
"A2A6FH0F7LD9ND","1-Sided-CogSig",2.94,0.74
"A2A6FH0F7LD9ND","NS",0.49,0.9
"A2AAFWAAS9C1QC","2-Sided-NN",1.35,0.82
"A2AEY7AGQYBN6X","2-Sided-NN",2.21,0.56
"A2AG45K4ULNBHF","1-Sided-ER_FI",0.71,0.82
"A2AK649KPZ2IZN","1-Sided-psse",2.16,0.8
"A2B6WQG0A9CKXQ","1-Sided-ER_FI",1.55,0.76
"A2BK45LZGGWPLX","NS-ER",0.81,0.88
"A2BW6WD7LZ9EGV","1-Sided-DT_FI",1.69,0.92
"A2BZY06YRWGEDL","1-Sided-psse",2.4,0.68
"A2BZY06YRWGEDL","2-Sided-pesse_FI",1.42,0.7
"A2C4Z939OAKJJP","1-Sided-DT_FI",0.28,0.84
"A2C73Y1COWCA51","2-SidedDT",1.49,0.78
"A2C7A6E70NYNUI","2-Sided-pesse_FI",0.43,0.62
"A2C7TMRC2QHTIW","1-Sided-DT_FI",0.67,0.76
"A2C7TMRC2QHTIW","2-Sided-NN",1.15,0.52
"A2C7TMRC2QHTIW","2-SidedDT",1.83,0.56
"A2C84POENS2UNY","1-Sided-psse",2.03,0.62
"A2C84POENS2UNY","2-Sided-LR",2.91,0.72
"A2C84POENS2UNY","2-Sided-NN",0.8,0.8
"A2C84QVRK3KG57","1-Sided-CogSig",1.71,0.78
"A2C9N7WI4099RT","1-Sided-DT_FI",2.77,0.82
"A2CCK1JKX48R0H","NS-ER",2.9,0.74
"A2CF2BD4Q0ZDJN","2-SidedDT",1.03,0.82
"A2CF2BD4Q0ZDJN","NS-ER",3,0.68
"A2CJYS92WX7HN6","1-Sided-DT_FI",0.23,0.66
"A2CJYS92WX7HN6","1-Sided-psse",0.77,0.62
"A2CJYS92WX7HN6","2-Sided-pesse_FI",0.1,0.68
"A2CSENNI43N272","1-Sided-CogSig",2.63,0.82
"A2D4RUOUUAE91I","2-Sided-LR",1.41,0.82
"A2DHKTD1GSBXR2","1-Sided-psse",1.15,0.76
"A2DVV59R1CQU6T","2-Sided-NN",1.05,0.7
"A2E3TO92MCQ9XU","1-Sided-psse_FI",2.2,0.9
"A2E5PZUD6W4OA1","NS",0.18,1
"A2EA2PN47ZWILX","1-Sided-psse_FI",2.98,0.8
"A2EED3HLTA96CP","2-Sided-LR",0.61,0.76
"A2EHH2ZFIRF1BF","2-Sided-NN",2.03,0.78
"A2EJ7U3TZAKROG","1-Sided-CogSig",0.53,0.72
"A2EOOF9D135HQ1","2-SidedDT",2.25,0.72
"A2EPBSY0VPI38S","2-SidedDT",2.84,0.74
"A2EZNZ6X58RTNR","1-Sided-psse",2.81,0.6
"A2F7YQ7VUKHDZV","1-Sided-psse_FI",2.25,0.7
"A2F93SIUUV5HQH","1-Sided-CogSig",0.25,0.7
"A2F93SIUUV5HQH","2-Sided-LR",0.22,0.6
"A2FARB7LA24AU8","1-Sided-CogSig",1.01,0.88
"A2FARB7LA24AU8","1-Sided-DT_FI",0.84,0.82
"A2FARB7LA24AU8","2-Sided-pesse_FI",2.93,0.92
"A2FE0I7W269C1C","NS-ER",1.83,0.9
"A2FUPODRRCESB","2-Sided-pesse_FI",0.17,0.88
"A2FVW2SCF5WKKH","1-Sided-ER_FI",2.93,0.82
"A2FX289DJSA2A6","2-Sided-NN",1.64,0.88
"A2FYQIZWV2UJHS","NS",0.67,0.94
"A2G0HRT8HS9HRZ","NS",1.64,0.76
"A2G7N0X0PNX0EE","NS-ER",2.89,0.7
"A2GG7HIO2OIXUR","1-Sided-psse_FI",2.46,0.8
"A2GK11SPBF73C6","1-Sided-ER_FI",1.51,0.8
"A2GOYSTIL3LOV1","1-Sided-ER_FI",2.6,0.72
"A2GV9WSNSPX53","1-Sided-psse",0.47,0.72
"A2GV9WSNSPX53","2-Sided-LR",1.37,0.8
"A2H91DERNK3CAL","NS-ER",1.41,0.78
"A2HA52MJN7CTLM","1-Sided-DT_FI",0.42,0.78
"A2HGZOXZ36XKRI","1-Sided-psse",1.08,0.52
"A2HHKBW8HQWI66","2-Sided-pesse_FI",0.23,0.84
"A2HHKBW8HQWI66","NS",0.23,0.88
"A2HT5WWG71M3XY","1-Sided-ER_FI",2.09,0.66
"A2HTW9VQ1SJTF2","1-Sided-DT_FI",2.19,0.9
"A2I3Y0L38HMQLZ","1-Sided-psse_FI",2.52,0.54
"A2I6ZS386UJVJE","1-Sided-psse",1.92,0.76
"A2I6ZS386UJVJE","NS-ER",1.8,0.6
"A2IGPW784OFV3D","2-Sided-pesse_FI",0.95,0.96
"A2IKPU88PDQTMF","2-Sided-pesse_FI",0.23,0.8
"A2IKSCWK5EOG79","2-SidedDT",0.1,0.8
"A2IVGLOBFOT67M","2-SidedDT",0.21,0.78
"A2J8IMRYEO6ZIM","1-Sided-DT_FI",1.82,0.86
"A2J9AHXZBB37XU","1-Sided-psse_FI",1.1,0.7
"A2J9AHXZBB37XU","2-Sided-NN",0.82,0.8
"A2JCHN90PRUWDH","1-Sided-CogSig",1.11,0.66
"A2JMTDHBGV5DKF","NS-ER",2.12,0.74
"A2JOHICL072IY3","2-Sided-LR",1.03,0.76
"A2JP9IKRHNLRPI","2-Sided-pesse_FI",1.38,0.64
"A2JP9IKRHNLRPI","NS-ER",2.92,0.68
"A2K1ILRTCP7H3T","1-Sided-psse",1.31,0.68
"A2KR0B9H93THZS","1-Sided-DT_FI",0.31,0.88
"A2KW26KE43UBRS","2-Sided-LR",2.41,0.66
"A2LF84L3K71GR2","2-Sided-pesse_FI",0.21,0.8
"A2LMQ4497NMK3S","1-Sided-psse",0.13,0.76
"A2LR1HKNOVDTJ8","1-Sided-CogSig",2.62,0.5
"A2LU259QPV1I4V","1-Sided-psse",2.7,0.58
"A2LU259QPV1I4V","2-Sided-LR",2.85,0.7
"A2M3KQ9CKP7YW","1-Sided-CogSig",1.57,0.76
"A2M45YGLOWMO4N","2-SidedDT",2.87,0.52
"A2M45YGLOWMO4N","NS-ER",2.95,0.68
"A2M72F8KER9L71","1-Sided-psse_FI",0.19,0.78
"A2M9EE6KTM8F8I","2-Sided-LR",0.15,0.82
"A2MCG5W6LHSRG9","1-Sided-ER_FI",1.4,0.88
"A2MCG5W6LHSRG9","2-Sided-LR",1.93,0.84
"A2MW2KLUNJ5SF8","NS",0.16,0.8
"A2N2GFB33ZMYGF","1-Sided-ER_FI",2.66,0.86
"A2NAKIXS3DVGAA","1-Sided-psse_FI",1.6,0.64
"A2NGMLBFZ3YQP5","2-SidedDT",2.66,0.74
"A2NJ6AR78O07FD","2-Sided-LR",0.69,0.7
"A2NY4882G47O1C","2-Sided-NN",1.72,0.78
"A2O7V3NTBF9RRE","2-Sided-NN",0.96,0.78
"A2OBIS4QF3VXZT","2-Sided-NN",2.61,0.7
"A2OLV2OTG16BB5","1-Sided-psse_FI",1.34,0.48
"A2OMK2IWY4DCUY","1-Sided-ER_FI",1.61,0.72
"A2ONILC0LZKG6Y","1-Sided-psse_FI",1.56,0.74
"A2OTDMCV8CZWML","1-Sided-ER_FI",3,0.86
"A2OU924AC8XCYC","2-SidedDT",0.18,0.94
"A2OXTS31LD48BC","1-Sided-psse",2.83,0.66
"A2P065E9CYMYJL","NS",0.13,0.96
"A2P4UAMRGH6INU","1-Sided-psse",0.86,0.8
"A2P53AN2M8IWFP","1-Sided-psse",2.31,0.5
"A2P53AN2M8IWFP","2-Sided-LR",0.12,0.74
"A2P76QVLSGJR45","1-Sided-psse_FI",0.58,0.76
"A2PBRGT71DUYOY","1-Sided-psse_FI",2.6,0.72
"A2PH0UQ0MMS6XJ","2-Sided-NN",0.89,0.74
"A2PPGKY9LRYIQA","2-Sided-LR",2.3,0.72
"A2PZG5F8RIESH9","2-Sided-pesse_FI",1.51,0.66
"A2PZG5F8RIESH9","NS",0.13,0.82
"A2PZG5F8RIESH9","NS-ER",1.22,0.78
"A2Q1BZPQ1BFPSM","1-Sided-ER_FI",2.1,0.7
"A2QKM3JUFWBSMO","NS",0.16,0.78
"A2QMHQXR8K4VJ2","1-Sided-psse_FI",0.52,0.76
"A2QMHQXR8K4VJ2","2-Sided-pesse_FI",2.32,0.84
"A2R40R4O6G0YBY","2-SidedDT",0.73,0.76
"A2R6RDZ07V4KWB","NS",0.49,0.86
"A2R89RXGEVG05I","1-Sided-CogSig",1.42,0.76
"A2R8IV2PWFTY00","1-Sided-psse_FI",0.1,0.72
"A2R9OK4M877ZCC","NS-ER",1.38,0.68
"A2RCYLKY072XXO","2-SidedDT",2.25,0.9
"A2RHE12CJSKCRE","1-Sided-DT_FI",1.95,0.84
"A2RHE12CJSKCRE","2-Sided-NN",0.72,0.72
"A2RVEG53L48BAE","2-SidedDT",2.45,0.84
"A2RWLFIP23FZA7","1-Sided-CogSig",1.24,0.74
"A2RWM6YBCOMWRQ","2-SidedDT",2.97,0.7
"A2S75O867RJG0I","2-Sided-pesse_FI",0.63,0.6
"A2S8ZTPKX3B928","2-Sided-LR",0.21,0.74
"A2SF0TUK6XTPCO","2-Sided-LR",0.68,0.74
"A2SF0TUK6XTPCO","NS-ER",3,0.66
"A2SKXKH9YXZYRI","1-Sided-DT_FI",2.97,0.62
"A2SKXKH9YXZYRI","1-Sided-psse_FI",0.86,0.92
"A2SKXKH9YXZYRI","2-Sided-NN",0.27,0.88
"A2SSDWL47X3DXF","2-Sided-NN",2.92,0.72
"A2SSTHMYQU3ITB","NS-ER",0.76,0.8
"A2T11H7YI7QPGD","1-Sided-CogSig",1.56,0.56
"A2T11H7YI7QPGD","2-Sided-pesse_FI",1.42,0.48
"A2T2HFUJP04DWD","1-Sided-DT_FI",0.29,0.86
"A2T2RV6G8AMC7Y","NS-ER",2.92,0.7
"A2T3TJEHWXHH7U","1-Sided-CogSig",2.03,0.58
"A2TBXASXZIRNNW","2-Sided-NN",1.4,0.78
"A2TBXASXZIRNNW","2-SidedDT",0.8,0.84
"A2TBXASXZIRNNW","NS-ER",0.88,0.66
"A2TDEX0T7XEPLU","1-Sided-CogSig",1.76,0.74
"A2TN6KP3ZKGOU7","1-Sided-ER_FI",1.24,0.84
"A2TVJTQ4VXATE6","1-Sided-psse",0.76,0.8
"A2TVJTQ4VXATE6","2-Sided-pesse_FI",0.19,0.8
"A2USG1JP96FTV","2-Sided-NN",2.79,0.8
"A2UTDZAZV1DF0N","1-Sided-psse",2.44,0.66
"A2V35L3RIRYYXV","1-Sided-psse_FI",2.49,0.74
"A2V3ECGQQYNO85","1-Sided-psse",2.27,0.7
"A2V3ECGQQYNO85","2-SidedDT",2.96,0.62
"A2V5E94MHIR821","2-SidedDT",2.85,0.74
"A2VBSFSJXLZZ7A","2-Sided-pesse_FI",2.91,0.76
"A2VBSFSJXLZZ7A","NS",0.23,0.92
"A2VBSFSJXLZZ7A","NS-ER",2.25,0.7
"A2VDBWIHWE1SVD","1-Sided-CogSig",2.14,0.76
"A2VM2EU6AHX5IC","1-Sided-ER_FI",1.52,0.82
"A2VRDE2FHCBMF8","2-Sided-NN",2.7,0.62
"A2VUAAJHX6ROS9","NS",0.3,0.72
"A2W2JO7BHDFP6Z","1-Sided-DT_FI",0.74,0.66
"A2W355OIAMEPCY","2-Sided-pesse_FI",2.21,0.82
"A2W3I2GBGDB637","1-Sided-psse",0.2,0.76
"A2W3KKNN3CAY66","2-Sided-NN",0.16,0.78
"A2W8TJXW68442D","NS",0.26,0.92
"A2WAQLPXT615HQ","1-Sided-psse",2.98,0.62
"A2WC2NO555XU3J","1-Sided-CogSig",1.61,0.88
"A2WC2NO555XU3J","2-Sided-pesse_FI",0.31,0.74
"A2WD7K61WGL37E","1-Sided-ER_FI",1.84,0.94
"A2WGW5Y3ZFBDEC","NS-ER",2.66,0.7
"A2WHC086WNUQNB","2-Sided-pesse_FI",1.27,0.68
"A2WNVSJ1Y06SS1","NS",0.46,0.68
"A2WWYVKGZZXBOB","1-Sided-psse",2.1,0.64
"A2WYCY1FMQOD5F","1-Sided-psse",0.52,0.7
"A2XHD64QUKA5Z6","2-Sided-NN",0.89,0.84
"A2XHD64QUKA5Z6","2-SidedDT",0.6,0.72
"A2XHD64QUKA5Z6","NS-ER",0.91,0.66
"A2XLTGDI5Q0VD","1-Sided-psse",1.85,0.68
"A2XQ3CFB5HT2ZQ","2-Sided-NN",2.23,0.78
"A2XQ3CFB5HT2ZQ","2-Sided-pesse_FI",0.16,0.82
"A2XUADP5L61HQ5","2-Sided-pesse_FI",1.78,0.74
"A2XUADP5L61HQ5","NS",0.22,0.82
"A2XVL0RNQMWI17","NS",0.25,0.86
"A2YC6KXIBSZRI","1-Sided-CogSig",0.22,0.72
"A2YCMT5BPA0AG9","2-Sided-LR",1.83,0.7
"A2YCMT5BPA0AG9","NS",0.46,0.54
"A2YDA5EGPSTMCC","1-Sided-DT_FI",0.13,0.8
"A2YGAEODJ5SSF6","2-Sided-pesse_FI",1.39,0.82
"A2YGAEODJ5SSF6","NS",0.67,0.68
"A2YGVZ7TQ20JOI","1-Sided-CogSig",2.41,0.76
"A2YJZYTC8WOIZT","1-Sided-CogSig",1.48,0.66
"A2YM550H2AL6JO","NS-ER",2.96,0.66
"A2YQBBAK7NBZHU","1-Sided-CogSig",1.42,0.48
"A2YVC1U50H2B4R","2-Sided-pesse_FI",1.11,0.82
"A2YVC1U50H2B4R","NS",0.52,1
"A2Z750U1HCWVEE","1-Sided-psse_FI",2.94,0.8
"A2Z96TK65BB7LC","NS",0.62,0.96
"A2ZJAEL03VTZ8","2-Sided-LR",1.22,0.76
"A2ZNOMZ35LKY8Q","1-Sided-ER_FI",0.87,0.6
"A2ZRXNYIRVSC9V","1-Sided-ER_FI",0.51,0.78
"A304UJAE051J89","1-Sided-CogSig",2.96,0.66
"A308FEI88TJ8WV","1-Sided-psse",2.28,0.6
"A30F1NPCF53CRE","1-Sided-DT_FI",2.83,0.7
"A30J4IZCMCR31F","1-Sided-DT_FI",0.53,0.84
"A30JAB32VBO3CD","1-Sided-ER_FI",0.25,0.9
"A30KV6CIGNH3E5","NS-ER",1.44,0.7
"A30KYQGABO7JER","1-Sided-ER_FI",2.61,0.84
"A30NWLRPW1XUSH","2-Sided-NN",1.36,0.98
"A3152I7PKN85C6","2-Sided-LR",0.11,0.8
"A31681CCEVDIH3","1-Sided-CogSig",2.99,0.58
"A3180VXVP8MOIH","1-Sided-CogSig",2.88,0.68
"A31908QXT8U4A0","2-Sided-NN",2.35,0.66
"A31MUX0WVEC6XU","NS",0.15,0.76
"A320QA9HJFUOZO","1-Sided-psse_FI",2.85,0.8
"A320QA9HJFUOZO","2-Sided-pesse_FI",1.1,0.8
"A324AD5U1SV0OA","1-Sided-DT_FI",2.06,0.86
"A324AD5U1SV0OA","NS",1.18,0.58
"A326O3VWP8TO8N","2-SidedDT",0.3,0.58
"A326O3VWP8TO8N","NS",0.26,0.92
"A326O3VWP8TO8N","NS-ER",1.67,0.68
"A32CRWJESR6AX4","NS",0.87,0.9
"A32IYSFNRLTVXD","1-Sided-ER_FI",1.95,0.82
"A32QJF67JMJFKX","1-Sided-ER_FI",0.61,0.72
"A32QJF67JMJFKX","2-Sided-pesse_FI",1.44,0.64
"A32QJF67JMJFKX","NS",0.6,1
"A32QWM7BWCSPTS","1-Sided-psse",0.1,0.8
"A32TGAK321JDFF","1-Sided-psse_FI",2.68,0.76
"A32U64W0S9PUA3","2-Sided-LR",1.38,0.76
"A32WRKFJFVE0YT","1-Sided-psse_FI",0.2,0.62
"A336V7IY38Q2WN","1-Sided-CogSig",1.28,0.72
"A33M7EZ72P8TWF","1-Sided-ER_FI",2.27,0.72
"A33QUS4NRVVMTN","NS",0.23,0.88
"A33QXQVY6GU1FI","1-Sided-CogSig",2.43,0.8
"A33SKY7HS5PDT6","NS",0.34,0.84
"A340UGIDGIF4W6","2-Sided-LR",0.43,0.66
"A34142ZT9A8DJQ","1-Sided-DT_FI",2.91,0.9
"A346UAH34GVOZX","1-Sided-DT_FI",1.02,0.8
"A34930YXVQ8SUT","2-Sided-LR",0.64,0.9
"A34CDAXB2IMLDP","2-Sided-pesse_FI",1.14,0.68
"A34DR0CVUBDL1N","NS-ER",2.92,0.72
"A34FOMRRI5KYCY","1-Sided-psse_FI",0.3,0.82
"A34KQ63D7LNBRL","1-Sided-ER_FI",1.61,0.78
"A34UER5ZQ5APMB","1-Sided-psse_FI",0.86,0.48
"A351LMMMFYPM7U","2-SidedDT",0.26,0.86
"A358YR7MWC6LRH","2-Sided-LR",0.59,0.8
"A35NM2285DUAFH","2-Sided-LR",1.35,0.7
"A35NM2285DUAFH","NS",0.23,0.96
"A35QZFRG4FKK3Z","2-Sided-LR",2.69,0.62
"A35T0SNF90U1W5","1-Sided-ER_FI",0.4,0.84
"A366MTQY0JG0EM","1-Sided-psse",1.45,0.76
"A366TZDVJK02PN","2-SidedDT",1.19,0.7
"A3686GG56DXS8W","1-Sided-CogSig",2.87,0.58
"A3696JXTRKL2FI","NS-ER",2.98,0.66
"A36MEZ1Y8KLTGY","1-Sided-ER_FI",2.36,0.78
"A36SM7QM8OK3H6","2-Sided-pesse_FI",2.2,0.68
"A36TE52PSYAAD6","1-Sided-psse",0.28,0.84
"A376BI2RNUIFRH","2-Sided-LR",2.48,0.64
"A3774HPOUKYTX7","2-Sided-NN",2.83,0.7
"A37GZS4XOXI203","NS-ER",2.94,0.66
"A37S96RT1P1IT2","2-Sided-pesse_FI",0.34,0.78
"A37S96RT1P1IT2","NS",0.11,0.94
"A37XJVQF62ZYC","1-Sided-DT_FI",0.96,0.88
"A383U9YJIBG4IA","1-Sided-ER_FI",1.91,0.72
"A3843S9LWPDN2K","2-Sided-pesse_FI",1.89,0.78
"A38IB23GPSEKY1","1-Sided-DT_FI",0.25,0.7
"A38OYO6BYY7F7J","2-Sided-NN",2,0.78
"A38QGJJOZANQ4B","1-Sided-DT_FI",2.98,0.78
"A3914P24XPNPY3","1-Sided-psse_FI",0.55,0.64
"A3914P24XPNPY3","NS-ER",2.82,0.88
"A39C20H5MYEUFS","NS-ER",1.28,0.76
"A39C210BKD7YNN","NS",0.27,0.92
"A39DNHD26OMN4Q","2-Sided-pesse_FI",2.72,0.56
"A39DNHD26OMN4Q","NS-ER",1.61,0.76
"A39GADIK8RLMVC","1-Sided-psse",2.97,0.6
"A39GADIK8RLMVC","2-Sided-pesse_FI",0.11,0.8
"A39GADIK8RLMVC","NS-ER",2.87,0.78
"A39OHDOT1ZMSQL","1-Sided-CogSig",2.65,0.72
"A39Q4SNT7SRK94","NS-ER",2.98,0.66
"A39XQI36EWJLDJ","1-Sided-psse",0.6,0.68
"A3A82EHCZOQ2CV","1-Sided-CogSig",0.59,0.58
"A3A8P4UR9A0DWQ","2-Sided-pesse_FI",1.27,0.76
"A3AFC26CB0AXMI","2-Sided-LR",1.83,0.52
"A3AGU4FBSDDVYS","1-Sided-ER_FI",1.95,0.86
"A3AKN5NEDUH04O","2-Sided-NN",2.42,0.66
"A3ANJRMHMVC97K","1-Sided-DT_FI",2.77,0.66
"A3APMO8WXVH1V0","2-SidedDT",0.14,0.86
"A3ATI41BEKDE0I","1-Sided-CogSig",2.57,0.6
"A3B7TNVOISSZ2O","2-Sided-NN",2.35,0.86
"A3B8DP6KHMP3OS","2-Sided-LR",2.44,0.74
"A3BFMY5OX2WMUW","2-SidedDT",2.96,0.7
"A3BFMY5OX2WMUW","NS-ER",2.2,0.8
"A3BXT78QXFC6F3","1-Sided-CogSig",2.74,0.78
"A3C0LPVN749UF3","1-Sided-CogSig",0.12,0.92
"A3C1U769G160ZE","1-Sided-ER_FI",1.93,0.88
"A3C5G8LGIAW0XL","1-Sided-ER_FI",2.91,0.88
"A3C5G8LGIAW0XL","2-Sided-NN",1.05,0.78
"A3C7COPV48I37D","2-Sided-NN",1.9,0.84
"A3CDJ8PZX578GQ","NS-ER",2.92,0.68
"A3CF8ULBSE8MTL","2-SidedDT",1.18,0.68
"A3CH1Z6J9R38G9","1-Sided-CogSig",0.17,0.74
"A3CSUQJ3WF1BKP","2-Sided-NN",0.52,0.76
"A3CWEIEY3TGJFX","1-Sided-psse_FI",2.6,0.8
"A3CWEN6Y21V7TL","1-Sided-CogSig",0.87,0.76
"A3CWYWKQXX4RIZ","2-Sided-LR",0.7,0.74
"A3CXK1KSRGU27V","1-Sided-DT_FI",0.26,0.88
"A3CXK1KSRGU27V","2-Sided-pesse_FI",0.38,0.7
"A3D3NEQ158WUB0","2-Sided-pesse_FI",0.78,0.62
"A3D70ANCSMGX5F","1-Sided-psse_FI",2.32,0.68
"A3D70ANCSMGX5F","NS-ER",2.9,0.82
"A3D95WOVC1R775","1-Sided-DT_FI",0.41,0.88
"A3D95WOVC1R775","1-Sided-psse",0.12,0.78
"A3DCGKISDE1HWO","2-Sided-pesse_FI",0.21,0.82
"A3DFJV1RD653DQ","NS",0.37,0.78
"A3EAUAU8V3B5S7","1-Sided-psse",0.28,0.68
"A3F0NFNLOLFJT0","NS-ER",2.78,0.82
"A3FC0TDAK5QY1G","1-Sided-ER_FI",2.76,0.66
"A3FCZNB9E8K3CX","1-Sided-CogSig",3,0.52
"A3FCZNB9E8K3CX","NS-ER",2.54,0.7
"A3FJCLBK3HF4PD","2-SidedDT",1.19,0.64
"A3FOKP72T5I4FR","2-Sided-pesse_FI",0.76,0.76
"A3FOL78K2EQYVN","1-Sided-ER_FI",2.24,0.72
"A3FUKCYLQ1ED8U","1-Sided-ER_FI",2.14,0.7
"A3G5IPGLH1IIZN","2-Sided-LR",1.74,0.8
"A3G6L97AX9KR7F","1-Sided-CogSig",0.18,0.92
"A3G6L97AX9KR7F","1-Sided-ER_FI",0.37,0.94
"A3G6L97AX9KR7F","NS",0.62,0.98
"A3GAQNTZ1V1VO","1-Sided-CogSig",0.61,0.72
"A3GAQNTZ1V1VO","2-Sided-LR",1,0.74
"A3GDUZQGHRXUJI","1-Sided-psse_FI",0.97,0.68
"A3GEL5PWFIK05S","1-Sided-ER_FI",0.72,0.84
"A3GEL5PWFIK05S","1-Sided-psse_FI",3,0.8
"A3GEL5PWFIK05S","2-Sided-pesse_FI",0.1,0.88
"A3GIIL73GE2CBQ","2-Sided-LR",2.6,0.72
"A3H32595TVJ34Q","NS",0.17,0.88
"A3HIO96PK1JA03","1-Sided-ER_FI",1.2,0.64
"A3HMDGRGC5JB7E","2-Sided-pesse_FI",2.67,0.74
"A3HTLXAPOBCVVO","1-Sided-ER_FI",2.35,0.78
"A3HW4QDJB63OQ2","2-Sided-NN",2.07,0.82
"A3HW4QDJB63OQ2","NS-ER",2.96,0.68
"A3IFVDB03R6463","1-Sided-ER_FI",2.64,0.82
"A3IGZ3N6TNPXUU","2-Sided-LR",2.57,0.86
"A3IGZ3N6TNPXUU","NS",0.17,0.94
"A3IS28VQS5T5DE","2-Sided-NN",0.38,0.88
"A3J0IAI8AJBGKX","1-Sided-CogSig",1.94,0.72
"A3J2CI4J5V3MLP","1-Sided-ER_FI",2.12,0.9
"A3J55BJGV95JKH","1-Sided-DT_FI",2.49,0.86
"A3JLE2LJ5I17E2","NS",1.59,0.7
"A3K6DL4PN98CBN","2-Sided-pesse_FI",0.51,0.8
"A3KC385CZNYEG5","2-Sided-NN",2,0.76
"A3KCUB6P3IE8NL","NS-ER",2.98,0.7
"A3KH1OG87C8DCM","NS-ER",2.84,0.78
"A3KKXA7COL5JHL","1-Sided-psse_FI",1.5,0.52
"A3KVW46MTHGOZS","NS",0.89,0.88
"A3L0DCUXI7X3A9","1-Sided-DT_FI",3,0.94
"A3L1DZWXQFWB90","2-Sided-NN",0.44,0.7
"A3L2FPKRD46FRW","NS-ER",1.32,0.84
"A3L2UB07EZJAMD","1-Sided-DT_FI",1.36,0.74
"A3L4JI1S352HB8","1-Sided-DT_FI",1.05,0.76
"A3L60SOWLYEDN2","1-Sided-CogSig",1.45,0.82
"A3L8LSM7V7KX3T","1-Sided-ER_FI",0.82,0.84
"A3L8LSM7V7KX3T","1-Sided-psse_FI",1.93,0.88
"A3L8LSM7V7KX3T","2-SidedDT",2.33,0.56
"A3LA5P3N3KI8U7","2-Sided-pesse_FI",0.17,0.9
"A3LECJA9RVQQKZ","1-Sided-psse_FI",2.48,0.76
"A3LFB7XLW00Q61","1-Sided-psse",2.33,0.84
"A3LIOY7C4ZDQ50","1-Sided-psse",1.47,0.76
"A3LIOY7C4ZDQ50","2-Sided-LR",0.48,0.76
"A3LL096CAY5WHB","2-Sided-pesse_FI",1.65,0.72
"A3LL096CAY5WHB","NS-ER",2.23,0.78
"A3LRZX8477TYYZ","2-SidedDT",1.87,0.68
"A3LSG8J12TDMNF","2-SidedDT",0.28,0.76
"A3LT7W355XOAKF","1-Sided-psse_FI",0.49,0.8
"A3LT7W355XOAKF","2-Sided-LR",0.34,0.74
"A3LT7W355XOAKF","2-Sided-NN",1.29,0.8
"A3M4T4G9YA061U","1-Sided-psse_FI",1.18,0.7
"A3M88KA3AW07B3","NS",0.34,0.94
"A3MD34XEB4H6JF","NS-ER",2.98,0.68
"A3MFK5UEUG95M3","1-Sided-psse",2.26,0.8
"A3MFK5UEUG95M3","2-Sided-LR",0.84,0.6
"A3MGRRX8BSEII5","2-Sided-NN",1.15,0.68
"A3MHKFOJIXO7QN","2-SidedDT",2.17,0.8
"A3MHKFOJIXO7QN","NS-ER",3,0.66
"A3ML7X12VHUVUN","NS",0.88,0.92
"A3MXB3R0R9G9TA","NS-ER",2.97,0.68
"A3MYTEE8WSEQ2Z","1-Sided-psse_FI",0.3,0.78
"A3N3GGRTTDFKLF","2-Sided-LR",1.4,0.7
"A3N3LHDJHLHLTQ","1-Sided-CogSig",2.62,0.76
"A3N3LHDJHLHLTQ","1-Sided-DT_FI",0.78,0.72
"A3N3LHDJHLHLTQ","NS",0.15,0.92
"A3NHJPE6326P9V","2-Sided-pesse_FI",0.46,0.9
"A3NPYIGN1MP121","1-Sided-psse_FI",0.32,0.6
"A3NQ988D43B0JW","NS",0.21,0.6
"A3O7X46E3REM7I","1-Sided-CogSig",0.65,0.78
"A3OB6REG5CGHK1","1-Sided-DT_FI",0.2,0.9
"A3OB6REG5CGHK1","2-Sided-LR",2.88,0.68
"A3OIRNX4OPUWC1","NS-ER",1.92,0.7
"A3OSOSJF0NZBSE","NS-ER",2.98,0.68
"A3OVGQIGX8BAB4","1-Sided-CogSig",0.38,0.72
"A3PBS8Q8B9TZY8","NS",0.14,0.84
"A3PFJ6NJJQJDP3","1-Sided-psse_FI",2.54,0.66
"A3PQ0KHESAZZ0Y","1-Sided-psse",1.21,0.68
"A3PVIRB9JTIZHJ","1-Sided-psse_FI",0.43,0.8
"A3QA0Y16Q4273V","1-Sided-DT_FI",0.44,0.72
"A3QL8ZAD9BKWUF","2-Sided-pesse_FI",0.98,0.82
"A3QL8ZAD9BKWUF","NS",1.16,0.58
"A3QL8ZAD9BKWUF","NS-ER",2.65,0.7
"A3QLGMZOLGMBQ1","2-SidedDT",2.75,0.66
"A3QSJY1FFN0N6V","2-Sided-pesse_FI",0.23,0.9
"A3QUGJF2AN8TF2","NS",0.24,1
"A3R0H6P1CWK8UU","1-Sided-ER_FI",2.84,0.8
"A3R0TIQBS9FK5Y","2-SidedDT",2.93,0.76
"A3R457FAWQXZN3","2-Sided-LR",2.61,0.8
"A3RBA581BHJDR8","NS-ER",2.97,0.68
"A3RCX3IQ8L6HHW","2-Sided-LR",2.77,0.74
"A3RDH0U2H6JCBC","1-Sided-psse",0.16,0.58
"A3RDH0U2H6JCBC","2-Sided-LR",0.93,0.6
"A3RQN5RZD1N2KP","2-Sided-NN",0.55,0.7
"A3RR85PK3AV9TU","2-Sided-NN",0.28,0.74
"A3RR85PK3AV9TU","2-Sided-pesse_FI",0.93,0.78
"A3RR85PK3AV9TU","NS-ER",3,0.66
"A3RVHUY67SVXQV","1-Sided-DT_FI",1.45,0.86
"A3RW1RI9S5BXB2","1-Sided-DT_FI",1.94,0.66
"A3RYI5HXC2MJLN","1-Sided-psse",0.33,0.64
"A3S1TLYMH9WWUG","2-Sided-LR",1.34,0.92
"A3SWT9MJCQTORQ","2-Sided-NN",2.44,0.74
"A3SXRD6C8AMKKR","1-Sided-psse",0.53,0.78
"A3T3XXV4VDXPAG","2-Sided-NN",2.02,0.72
"A3T61LJ1WNOL6Z","2-Sided-NN",2.71,0.64
"A3T9C1USL4V4IJ","1-Sided-ER_FI",2.2,0.74
"A3TBOHEHKXYV6C","1-Sided-CogSig",1.15,0.78
"A3THWD0SB3FI2U","2-Sided-pesse_FI",2.91,0.82
"A3TK7HVFEKB00R","NS",0.66,0.88
"A3TOUB8313BPVS","2-Sided-LR",2.95,0.46
"A3TUV36R7RR04T","2-Sided-LR",0.4,0.84
"A3U0VQ420HIMQ0","2-Sided-pesse_FI",2.07,0.76
"A3U21PUMQ6NGT2","2-Sided-pesse_FI",2.62,0.78
"A3U3L1XQYR362A","1-Sided-DT_FI",0.87,0.84
"A3U74S280Z4B0","1-Sided-psse",0.23,0.74
"A3UEJQ4EJB9DBD","1-Sided-psse_FI",0.4,0.66
"A3UEJQ4EJB9DBD","NS-ER",1.76,0.8
"A3UV55HC87DO9C","2-Sided-NN",1.23,0.78
"A3VB6VI2TU4FID","2-SidedDT",2.36,0.78
"A3VENK02U0X16N","1-Sided-psse_FI",2.26,0.72
"A3VHDQR8A9JJ4F","2-SidedDT",2.32,0.74
"A3VIQ9XPOYB8K6","1-Sided-psse_FI",0.11,0.74
"A3VTOW7WLPTBRR","1-Sided-CogSig",1.51,0.86
"A3VTW0XT1KY8GD","1-Sided-ER_FI",1.4,0.58
"A3W2YF5RJ6R01N","1-Sided-CogSig",1.96,0.74
"A3W6T1WDYXMR3","2-SidedDT",0.46,0.58
"A3X3UFGLKM36R","2-Sided-LR",0.33,0.78
"A44GF72UX2T66","2-Sided-NN",0.48,0.6
"A4CHLWPHZIP7Y","1-Sided-DT_FI",2.64,0.86
"A4E1UYPDHE8D8","2-SidedDT",0.22,0.8
"A4J4GGMKJ68L0","1-Sided-CogSig",1.46,0.82
"A4J4GGMKJ68L0","2-Sided-LR",2.84,0.76
"A4UIXESOEZI05","2-Sided-pesse_FI",1.11,0.78
"A4ZPIPBDO624H","NS",0.45,0.86
"A50K26F2IS94U","1-Sided-DT_FI",0.29,0.94
"A52FUUEDGSZT9","1-Sided-psse",0.11,0.92
"A53WVYONK6B9Q","2-Sided-NN",2.66,0.62
"A5B73N9C2HVEG","1-Sided-psse_FI",1.81,0.8
"A5BMKZRGHNSRT","NS-ER",2.85,0.68
"A5LLSZG8YCAZF","2-SidedDT",0.79,0.74
"A5NE8TWS8ZV7B","1-Sided-DT_FI",2.84,0.84
"A5NHP0N1XC09K","NS-ER",1.12,0.84
"A63U6I4JM5APR","2-SidedDT",0.34,0.64
"A6EJ7EU0KMGPL","2-Sided-LR",0.54,0.7
"A6EJ7EU0KMGPL","2-Sided-NN",2.2,0.76
"A6EJ7EU0KMGPL","NS",0.37,0.9
"A6FE2ZQNFW12V","2-Sided-NN",2.26,0.72
"A6JKKANO7F4KD","1-Sided-psse_FI",0.39,0.76
"A6JKKANO7F4KD","2-SidedDT",0.38,0.8
"A7I3G380E29VE","1-Sided-psse",0.49,0.76
"A7KLTVEIASF4J","2-Sided-pesse_FI",0.19,0.94
"A7KLTVEIASF4J","NS",0.45,0.84
"A7SXWHGK8B40R","2-SidedDT",2.51,0.88
"A7ZS8X42Y68IW","1-Sided-psse_FI",0.3,0.86
"A88DXNDGDUWEN","1-Sided-ER_FI",0.37,0.84
"A89R5XGMHOTJE","1-Sided-psse_FI",0.19,0.64
"A89R5XGMHOTJE","2-Sided-pesse_FI",2.21,0.72
"A8FLNGDLNJCUU","2-SidedDT",0.14,0.78
"A8KX1HFH8NE2Q","1-Sided-psse_FI",0.97,0.8
"A8VFIXE5FL8C6","2-Sided-pesse_FI",0.53,0.74
"A8VFIXE5FL8C6","NS-ER",2.72,0.74
"A90JBLDKW71DX","1-Sided-psse",1.96,0.64
"A90JBLDKW71DX","2-Sided-LR",0.88,0.68
"A9A2IX3OBORBE","2-Sided-pesse_FI",0.49,0.82
"A9HQ3E0F2AGVO","1-Sided-psse",1.07,0.8
"A9HQ3E0F2AGVO","2-Sided-LR",2.07,0.76
"A9HQ3E0F2AGVO","2-Sided-NN",2.75,0.76
"A9WIOFVRSYW3L","1-Sided-CogSig",1.74,0.82
"A9WIOFVRSYW3L","1-Sided-DT_FI",1.85,0.96
"A9ZCY6FLUCIU","1-Sided-DT_FI",2.95,0.84
"A9ZCY6FLUCIU1","2-Sided-LR",1.13,0.58
"AA4D4WHT4HBYW","1-Sided-psse",0.15,0.64
"AA4D4WHT4HBYW","2-Sided-LR",0.27,0.66
"AA4JYAPLYB6QT","2-Sided-LR",2.97,0.8
"AA4KKLIU4C3NY","1-Sided-psse",0.44,0.78
"AA4KKLIU4C3NY","2-Sided-pesse_FI",0.2,0.78
"AAASQIW3J32OL","NS",0.24,1
"AADRVG2QVZH75","1-Sided-CogSig",1.16,0.58
"AAHZCL4LIPCBQ","2-SidedDT",2.13,0.6
"AAIQLE701DI9U","1-Sided-DT_FI",0.54,0.72
"AAIQLE701DI9U","2-SidedDT",2.94,0.52
"AAM0Q3DCSSQ0A","2-Sided-NN",2.21,0.84
"AAQREZOK13OV7","NS",0.11,0.86
"AB0ERVDNMMLYS","NS-ER",1.11,0.72
"AB88F6FKYB3PL","1-Sided-DT_FI",2.67,0.86
"ABL3H3O3BI8ZD","1-Sided-psse_FI",1.3,0.7
"ABL81LYVZUKYE","1-Sided-CogSig",1.21,0.8
"ABLP1KUWW46S6","NS-ER",2.68,0.72
"ABMPX2Y2IRBMG","2-Sided-LR",2.37,0.78
"ABMX8XUNPR3LP","1-Sided-psse_FI",0.41,0.7
"ABQ4JY52NCREZ","1-Sided-DT_FI",2.17,0.92
"AC05CZ95ORIMY","2-Sided-pesse_FI",2.63,0.68
"AC5UD8N187QD6","2-Sided-NN",1.5,0.64
"ACA6KEYX1WRUZ","NS",0.33,0.96
"ACAJFF4MF5S5X","1-Sided-DT_FI",1.95,0.88
"ACDX50KGPE97I","1-Sided-ER_FI",0.74,0.96
"ACN0C9HPYDTED","2-Sided-NN",0.17,0.88
"ACON9O9NMFOHE","2-Sided-pesse_FI",2.53,0.68
"ACVJ6IUO9QM4R","1-Sided-psse_FI",2.47,0.7
"ACVJ6IUO9QM4R","2-Sided-LR",1.7,0.7
"AD21ES5UMD77U","1-Sided-CogSig",1.06,0.74
"ADGH08WUP68ZF","NS-ER",2.91,0.64
"ADZHJZ078THWQ","1-Sided-psse",0.12,0.82
"AE1YA7Q3UKPRI","2-SidedDT",0.61,0.78
"AEF94JKX6FG92","1-Sided-ER_FI",2.45,0.64
"AEI5USUUPBU2G","2-Sided-pesse_FI",0.22,0.8
"AEO84PDSWW0W  ","2-SidedDT",0.76,0.84
"AEOFJWOEXF94U","2-Sided-LR",0.32,0.6
"AEPHQ3XYCQ0CG","1-Sided-psse",2.6,0.66
"AETIZKQNUSBLB","2-Sided-LR",2.32,0.74
"AEWGY34WUIA32","1-Sided-DT_FI",0.4,0.72
"AEWPAZBYA7XE","1-Sided-psse",0.49,0.54
"AEWPAZBYA7XE","2-SidedDT",0.48,0.64
"AFCMHQWCV6N02","2-Sided-NN",2.44,0.74
"AFF7IQ7FXCDE5","1-Sided-psse",1.3,0.78
"AFMMLXBWU6O1L","2-Sided-LR",0.12,0.7
"AFU00NU09CFXE","1-Sided-DT_FI",0.2,0.7
"AFUX7IUQOE0NA","2-Sided-NN",0.24,0.68
"AGC3T6724JUAF","2-Sided-NN",0.61,0.78
"AGDJB8B8CDZ71","2-SidedDT",2.86,0.66
"AGMJL8K9OMU64","NS-ER",2.68,0.82
"AGVUHOBSCP6YC","1-Sided-psse",1.25,0.58
"AH00EJ6PK1H3A","1-Sided-DT_FI",1.62,0.92
"AHDW0M4017Z8K","1-Sided-psse",1.49,0.66
"AHDW0M4017Z8K","2-SidedDT",0.23,0.7
"AHIM8PGYOIN0K","1-Sided-psse_FI",0.9,0.62
"AHKRGPN5D3I2G","1-Sided-psse_FI",2.84,0.74
"AHKRGPN5D3I2G","NS-ER",2.36,0.84
"AI6U09NVOZ62B","2-Sided-pesse_FI",1.54,0.74
"AID8YP4RJSCNU","2-Sided-NN",2.82,0.7
"AILDNTO2TWB4A","1-Sided-CogSig",0.77,0.7
"AIPHJXQEDNW9L","1-Sided-ER_FI",0.88,0.8
"AIQT0DPRTXYYD","1-Sided-psse_FI",2.04,0.8
"AIQT0DPRTXYYD","2-Sided-LR",2.7,0.76
"AIZTLQM7HHQN6","NS",0.2,0.92
"AJFB5KQLNYW03","1-Sided-ER_FI",2.7,0.84
"AJFJ6VXZJKSXD","2-Sided-pesse_FI",1.45,0.84
"AJFJ6VXZJKSXD","NS-ER",0.68,0.72
"AJG4Y1OT9N50T","NS-ER",2.7,0.72
"AJW3PL5UDH4BP","1-Sided-DT_FI",2.41,0.8
"AJWES6SFIP3AT","1-Sided-psse_FI",2.92,0.46
"AJXIC6Q5EM76P","2-Sided-LR",0.62,0.8
"AK3H5QRAROFGP","1-Sided-psse",0.7,0.6
"AK3H5QRAROFGP","2-Sided-NN",1.59,0.76
"AK4PVAUX4PWT1","2-Sided-NN",2.53,0.58
"AK77EA1UZ8KJG","NS-ER",3,0.68
"AK7NIT4IJ8X6D","2-SidedDT",0.69,0.56
"AK7NIT4IJ8X6D","NS",0.51,0.92
"AKB82TCYUECWD","1-Sided-DT_FI",2.97,0.9
"AKHH4W14A6AN9","1-Sided-psse_FI",2.79,0.74
"AKHH4W14A6AN9","NS-ER",0.66,0.86
"AKNYT1NTK2UFK","1-Sided-ER_FI",2.44,0.88
"AKNYT1NTK2UFK","NS",0.13,0.98
"AKZ8SFOAI4RZN","1-Sided-ER_FI",1.3,0.9
"AKZ8SFOAI4RZN","NS",0.3,0.9
"AL7UTA8J27TFK","2-Sided-LR",0.59,0.64
"AL83KKXUORS9Y","2-Sided-LR",1.56,0.7
"ALDKDKRBR4LXD","2-SidedDT",0.25,0.66
"ALDQRWYZ8KQ9A","1-Sided-psse_FI",0.69,0.82
"ALKQPW0O9C98N","2-SidedDT",2.03,0.66
"ALQNVZVHUYFIQ","2-Sided-LR",2.77,0.74
"ALZVG5501Y5IX","NS-ER",2.94,0.66
"AM8OWAW9TUVLN","1-Sided-psse",2.68,0.76
"AMDX0UNZS4A1G","1-Sided-psse_FI",0.2,0.74
"AMPMTF5IAAMK8","1-Sided-ER_FI",2.08,0.86
"AMSAIACF91GM3","2-Sided-LR",0.63,0.7
"AMYURTQIMAC8T","2-Sided-LR",0.6,0.8
"ANCZKVA6A7IIB","1-Sided-DT_FI",2.2,0.74
"ANEM435BSW3XU","NS",0.34,0.52
"ANJML6J7NL7CX","1-Sided-psse",1.26,0.76
"ANKDLLQHHM2OH","1-Sided-CogSig",2.02,0.56
"ANPCXN619ACW9","2-Sided-LR",0.3,0.78
"ANUG05IDFTWF","1-Sided-psse",2.8,0.56
"ANZR2DCSMD0NX","2-Sided-NN",2.59,0.78
"AOAZMLP27GD81","1-Sided-DT_FI",0.1,0.88
"AOAZMLP27GD81","1-Sided-psse",2.4,0.68
"AOKTAHY4F4J2B","1-Sided-psse",1.89,0.64
"AOOGCOBAZBWJ2","2-Sided-NN",1.45,0.7
"AOOLS8280CL0Z","1-Sided-DT_FI",2.47,0.58
"AORHBSAJE0GP4","1-Sided-psse",1.76,0.8
"AOY0S460FQI1T","1-Sided-CogSig",2.42,0.6
"AOZUMS41I24QI","2-Sided-NN",2.14,0.76
"APEE4S9XXSMGC","1-Sided-CogSig",1.25,0.78
"APGUE1GWCW0MX","NS",0.2,0.82
"APITQRRX2PADB","1-Sided-DT_FI",2.86,0.92
"APLBF6JY2C1QZ","2-Sided-LR",1.38,0.68
"APOLV05EJ6XVQ","2-Sided-LR",0.22,0.88
"APRZ7BR8C0ZMQ","1-Sided-CogSig",0.51,0.78
"APRZ7BR8C0ZMQ","NS-ER",2.81,0.78
"APY5858P6BTDY","NS-ER",2.68,0.86
"AQ0UYN7D6FU3F","NS",0.18,0.72
"AQAXDL1INQC9Q","2-Sided-LR",1.58,0.88
"AQC0SZA1E9QO7","1-Sided-CogSig",2.88,0.74
"AQJWO4YPR3LUQ","2-Sided-LR",2.21,0.7
"AQKB8JSBEMXK9","1-Sided-DT_FI",0.27,0.86
"AQM940W1VBAG6","NS-ER",2.94,0.76
"AQOXSP4W3ITSW","1-Sided-ER_FI",0.99,0.76
"AQOXSP4W3ITSW","2-Sided-NN",2.29,0.46
"AQP4PHYDXRBPI","1-Sided-psse_FI",0.42,0.72
"AQP4PHYDXRBPI","2-SidedDT",0.38,0.9
"AQVQHML14YYJH","1-Sided-DT_FI",0.63,0.9
"AR1IWBDA7MC86","2-Sided-NN",1.12,0.86
"AR3KLO7WU84JJ","1-Sided-ER_FI",2.77,0.6
"AR4UI9K92BUT3","1-Sided-CogSig",1.91,0.7
"AR4UI9K92BUT3","1-Sided-psse",2.64,0.6
"AR4XFM7G1W0VQ","1-Sided-CogSig",0.64,0.64
"AR5LYXBO5D982","NS-ER",2.96,0.86
"AR8O1107OAW4V","2-SidedDT",0.19,0.84
"ARLGZWN6W91WD","2-Sided-pesse_FI",1.4,0.88
"ARYEH1BMQCKXQ","1-Sided-DT_FI",2.08,0.92
"ARYVMA9T9WLRK","1-Sided-ER_FI",0.43,0.8
"AS2WTWYVRW9BV","1-Sided-psse_FI",0.57,0.72
"ASF5V3K4IFP4K","1-Sided-CogSig",2.99,0.64
"ASI2B6A3Y556Z","1-Sided-psse_FI",2.64,0.72
"ASS0YATH0WK3R","1-Sided-CogSig",2.32,0.74
"AT0COJ1G23ZB0","1-Sided-psse_FI",2.39,0.7
"AT3C00TKZK13L","1-Sided-ER_FI",1.56,0.72
"AT6OT5K5Z4V0J","2-SidedDT",0.57,0.76
"AT9C1PB6JVCG6","1-Sided-DT_FI",0.37,0.82
"ATC7B8C99BD26","2-Sided-LR",1.62,0.78
"ATCU3JC12ZH0N","2-Sided-pesse_FI",2.91,0.64
"ATCU3JC12ZH0N","NS-ER",2.62,0.66
"ATF7HBD1TFI2U","NS",0.16,0.9
"ATRA715A9GRL7","1-Sided-DT_FI",0.3,0.74
"ATSZCAVI441RM","1-Sided-DT_FI",1.39,0.8
"ATSZCAVI441RM","1-Sided-psse_FI",2.12,0.56
"AU2RMH9IZP60M","2-SidedDT",1.6,0.78
"AU7A3QNJF3O00","1-Sided-psse_FI",2.01,0.72
"AUCHGHY1IKZZK","2-Sided-pesse_FI",0.27,0.72
"AUFOO8PU2BK37","1-Sided-ER_FI",2.97,0.7
"AUFOO8PU2BK37","1-Sided-psse",1.63,0.7
"AUFOO8PU2BK37","2-Sided-NN",1,0.64
"AURYD2FH3FUOQ","1-Sided-ER_FI",1.61,0.82
"AUSDM3KALROGI","1-Sided-CogSig",2.52,0.62
"AUTYWXILTACCR","2-Sided-NN",2.27,0.7
"AV22FQTJNBUZT","1-Sided-ER_FI",1.82,0.7
"AV22FQTJNBUZT","2-Sided-NN",0.15,0.78
"AV7UX8QQXABSK","1-Sided-psse",0.19,0.74
"AVC1PLLFS210S","2-Sided-NN",0.6,0.68
"AVI7K876BV3QL","2-Sided-NN",1.37,0.74
"AVI7K876BV3QL","NS",0.35,0.8
"AVI7K876BV3QL","NS-ER",1.28,0.84
"AVNXCGTZQ1CFK","2-Sided-LR",0.62,0.86
"AVPCUQOQEPTCI","2-Sided-LR",2.35,0.78
"AVUCJU0PCJ7X3","1-Sided-CogSig",0.26,0.8
"AVX3SWFMBEPMZ","1-Sided-psse_FI",0.12,0.9
"AW0K78T4I2T72","NS",0.25,0.88
"AW0MG225VXWCN","1-Sided-CogSig",0.97,0.8
"AW0MG225VXWCN","1-Sided-ER_FI",0.13,0.78
"AW0MG225VXWCN","2-Sided-LR",2.63,0.74
"AW0MG225VXWCN","NS",0.77,0.88
"AW45SZDR1C2VS","1-Sided-psse_FI",0.79,0.8
"AWDU600NXZ26L","1-Sided-psse",2.26,0.68
"AWEUAV2UW15NK","2-Sided-NN",0.42,0.72
"AWJUGWPCUGKEG","2-Sided-NN",1.15,0.7
"AWK93GL7CJ3FK","1-Sided-DT_FI",0.59,0.9
"AWTGJ45ZWUCHH","NS",0.29,0.72
"AWXIEV9H6KT9E","1-Sided-ER_FI",1.88,0.84
"AWXIEV9H6KT9E","2-SidedDT",2.07,0.74
"AWY6W20U8H3JA","2-Sided-pesse_FI",2.92,0.76
"AWZPYE91AF7KU","2-Sided-NN",0.86,0.8
"AXHFWTX0LTTOP","1-Sided-CogSig",2.58,0.66
"AXJ1PE87PD0KK","1-Sided-ER_FI",1,0.76
"AXKV2UQ5HEG29","2-Sided-NN",0.17,0.74
"AXNPHDXV1GK6Y","1-Sided-ER_FI",1.34,0.8
"AXOAJZBYQYPN7","1-Sided-DT_FI",1.48,0.62
"AXUNP4MWN9K8P","2-SidedDT",0.82,0.72
"AYKZ9H4BNW810","1-Sided-psse",0.41,0.62
"AYPOAY43REHC8","NS",1.37,0.74
"AZ69TBTDH7AZS","2-Sided-LR",1.19,0.66
"AZ69TBTDH7AZS","2-Sided-NN",1.02,0.76
"AZ8JL3QNIPY4U","1-Sided-CogSig",2.96,0.56
"AZ8JL3QNIPY4U","2-SidedDT",2.09,0.8
"AZBH4LJ5SL456","1-Sided-CogSig",2.27,0.8
"AZBH4LJ5SL456","2-Sided-LR",1.08,0.82
"AZNJXR5T3LL6A","1-Sided-ER_FI",1.24,0.8
"AZOF6QSSWG98H","2-Sided-LR",0.1,0.86
"AZOLOOMYRN1K0","2-Sided-NN",0.63,0.74
"AZZA3J049G7R5","1-Sided-psse_FI",2.72,0.74
"AZZA3J049G7R5","2-Sided-NN",0.44,0.7
